Education,Length
Bachelor's degree,0-3 months
Some College,0-3 months
Bachelor's degree,1-2 years
Bachelor's degree,0-3 months
Bachelor's degree,0-3 months
Bachelor's degree,1-2 years
High School,6-9 years
Bachelor's degree,9 or more
Some College,9 or more
Bachelor's degree,0-3 months
Bachelor's degree,9 or more
Some College,3-5 years
Bachelor's degree,4-11 months
Some College,4-11 months
Bachelor's degree,1-2 years
High School,0-3 months
Bachelor's degree,0-3 months
Bachelor's degree,9 or more
Bachelor's degree,0-3 months
Some College,1-2 years
Bachelor's degree,0-3 months
High School,0-3 months
Bachelor's degree,4-11 months
Bachelor's degree,9 or more
Bachelor's degree,0-3 months
Some College,4-11 months
Bachelor's degree,0-3 months
Some College,1-2 years
Bachelor's degree,0-3 months
Some College,0-3 months
Some College,3-5 years
Bachelor's degree,0-3 months
Bachelor's degree,1-2 years
Bachelor's degree,9 or more
Bachelor's degree,4-11 months
Some College,9 or more
Bachelor's degree,0-3 months
Bachelor's degree,0-3 months
Bachelor's degree,4-11 months
Some College,6-9 years
Bachelor's degree,1-2 years
Some College,9 or more
Bachelor's degree,0-3 months
Some College,4-11 months
Some College,9 or more
Some College,0-3 months
Some College,1-2 years
Bachelor's degree,1-2 years
Bachelor's degree,0-3 months
Some College,1-2 years
Bachelor's degree,9 or more
Some College,4-11 months
Bachelor's degree,4-11 months
Bachelor's degree,3-5 years
Some College,9 or more
High School,4-11 months
Bachelor's degree,1-2 years
Bachelor's degree,0-3 months
Bachelor's degree,9 or more
Bachelor's degree,6-9 years
Some College,1-2 years
Some College,1-2 years
Bachelor's degree,3-5 years
Bachelor's degree,0-3 months
Bachelor's degree,0-3 months
Some College,4-11 months
Some College,1-2 years
Bachelor's degree,0-3 months
Bachelor's degree,1-2 years
Some College,4-11 months
Bachelor's degree,9 or more
Bachelor's degree,0-3 months
Bachelor's degree,6-9 years
Bachelor's degree,6-9 years
Bachelor's degree,4-11 months
Bachelor's degree,9 or more
Bachelor's degree,4-11 months
Bachelor's degree,9 or more
Bachelor's degree,1-2 years
Bachelor's degree,0-3 months
Some College,1-2 years
Bachelor's degree,6-9 years
Bachelor's degree,6-9 years
Bachelor's degree,4-11 months
Bachelor's degree,1-2 years
Bachelor's degree,1-2 years
Bachelor's degree,0-3 months
Some College,0-3 months
Some College,4-11 months
Less than high school,1-2 years
Bachelor's degree,6-9 years
High School,1-2 years
High School,3-5 years
Bachelor's degree,0-3 months
Bachelor's degree,4-11 months
Bachelor's degree,3-5 years
Bachelor's degree,9 or more
Bachelor's degree,4-11 months
Bachelor's degree,1-2 years
Bachelor's degree,3-5 years
Bachelor's degree,1-2 years
Bachelor's degree,4-11 months
Bachelor's degree,4-11 months
Bachelor's degree,0-3 months
Bachelor's degree,0-3 months
Some College,9 or more
Bachelor's degree,4-11 months
Bachelor's degree,4-11 months
Bachelor's degree,0-3 months
Bachelor's degree,9 or more
Some College,4-11 months
Bachelor's degree,3-5 years
Bachelor's degree,4-11 months
Some College,0-3 months
Bachelor's degree,0-3 months
Bachelor's degree,0-3 months
Bachelor's degree,0-3 months
Bachelor's degree,1-2 years
Bachelor's degree,1-2 years
Bachelor's degree,4-11 months
Bachelor's degree,6-9 years
Some College,9 or more
Bachelor's degree,3-5 years
High School,0-3 months
Bachelor's degree,0-3 months
Bachelor's degree,3-5 years
Some College,0-3 months
Some College,9 or more
Bachelor's degree,3-5 years
Bachelor's degree,9 or more
Bachelor's degree,0-3 months
Some College,6-9 years
Bachelor's degree,6-9 years
Bachelor's degree,6-9 years
Some College,6-9 years
Bachelor's degree,4-11 months
Some College,3-5 years
Bachelor's degree,0-3 months
Bachelor's degree,3-5 years
Bachelor's degree,9 or more
Bachelor's degree,0-3 months
Some College,1-2 years
Some College,9 or more
Bachelor's degree,1-2 years
Some College,1-2 years
Bachelor's degree,1-2 years
Bachelor's degree,1-2 years
Bachelor's degree,9 or more
Bachelor's degree,4-11 months
High School,1-2 years
Bachelor's degree,0-3 months
Bachelor's degree,4-11 months
Some College,4-11 months
Bachelor's degree,6-9 years
Bachelor's degree,0-3 months
Bachelor's degree,9 or more
Some College,1-2 years
Bachelor's degree,0-3 months
Bachelor's degree,3-5 years
Some College,4-11 months
Bachelor's degree,4-11 months
Bachelor's degree,0-3 months
Bachelor's degree,3-5 years
Bachelor's degree,6-9 years
Bachelor's degree,1-2 years
Bachelor's degree,0-3 months
Some College,4-11 months
Bachelor's degree,6-9 years
Bachelor's degree,0-3 months
Bachelor's degree,4-11 months
Some College,9 or more
Bachelor's degree,0-3 months
Bachelor's degree,4-11 months
Bachelor's degree,1-2 years
Bachelor's degree,0-3 months
Bachelor's degree,9 or more
Bachelor's degree,0-3 months
Bachelor's degree,1-2 years
High School,3-5 years
Some College,0-3 months
Bachelor's degree,1-2 years
Bachelor's degree,1-2 years
Bachelor's degree,0-3 months
Bachelor's degree,0-3 months
Bachelor's degree,0-3 months
Bachelor's degree,1-2 years
Some College,4-11 months
Bachelor's degree,9 or more
Bachelor's degree,0-3 months
Some College,9 or more
Bachelor's degree,0-3 months
High School,9 or more
Some College,9 or more
Bachelor's degree,0-3 months
High School,1-2 years
Some College,9 or more
High School,1-2 years
Bachelor's degree,1-2 years
Bachelor's degree,6-9 years
Bachelor's degree,4-11 months
Some College,0-3 months
Some College,9 or more
Bachelor's degree,4-11 months
Bachelor's degree,1-2 years
Bachelor's degree,0-3 months
Bachelor's degree,0-3 months
Bachelor's degree,0-3 months
Some College,3-5 years
Bachelor's degree,9 or more
Some College,0-3 months
Bachelor's degree,3-5 years
Some College,0-3 months
Some College,0-3 months
Bachelor's degree,4-11 months
High School,1-2 years
Bachelor's degree,3-5 years
Bachelor's degree,9 or more
Bachelor's degree,0-3 months
Bachelor's degree,4-11 months
Bachelor's degree,4-11 months
Bachelor's degree,9 or more
Some College,9 or more
Bachelor's degree,4-11 months
Bachelor's degree,4-11 months
Some College,3-5 years
Bachelor's degree,9 or more
High School,0-3 months
Bachelor's degree,1-2 years
Bachelor's degree,0-3 months
Some College,4-11 months
Bachelor's degree,0-3 months
Some College,3-5 years
Some College,0-3 months
Some College,4-11 months
Bachelor's degree,9 or more
Some College,0-3 months
Bachelor's degree,0-3 months
Some College,4-11 months
Some College,9 or more
Bachelor's degree,1-2 years
Bachelor's degree,9 or more
Some College,0-3 months
Bachelor's degree,0-3 months
Some College,0-3 months
Bachelor's degree,3-5 years
Bachelor's degree,9 or more
Bachelor's degree,0-3 months
Some College,0-3 months
Bachelor's degree,9 or more
Bachelor's degree,1-2 years
Bachelor's degree,1-2 years
Some College,0-3 months
Bachelor's degree,0-3 months
Bachelor's degree,4-11 months
Bachelor's degree,4-11 months
Bachelor's degree,4-11 months
Bachelor's degree,0-3 months
Bachelor's degree,0-3 months
Bachelor's degree,1-2 years
High School,4-11 months
Bachelor's degree,4-11 months
Bachelor's degree,1-2 years
Some College,1-2 years
Bachelor's degree,4-11 months
High School,4-11 months
Bachelor's degree,4-11 months
Some College,0-3 months
Bachelor's degree,9 or more
Bachelor's degree,4-11 months
Some College,3-5 years
Some College,6-9 years
Bachelor's degree,6-9 years
Some College,9 or more
Bachelor's degree,6-9 years
Bachelor's degree,0-3 months
Bachelor's degree,3-5 years
High School,9 or more
Bachelor's degree,6-9 years
Bachelor's degree,1-2 years
Bachelor's degree,0-3 months
Bachelor's degree,0-3 months
Bachelor's degree,6-9 years
Bachelor's degree,0-3 months
Some College,0-3 months
Bachelor's degree,4-11 months
Bachelor's degree,0-3 months
Bachelor's degree,4-11 months
Bachelor's degree,9 or more
Bachelor's degree,4-11 months
Bachelor's degree,6-9 years
Some College,6-9 years
Bachelor's degree,3-5 years
High School,6-9 years
Bachelor's degree,1-2 years
Bachelor's degree,6-9 years
Bachelor's degree,0-3 months
High School,4-11 months
Bachelor's degree,9 or more
Some College,4-11 months
Bachelor's degree,4-11 months
Bachelor's degree,6-9 years
Bachelor's degree,0-3 months
Bachelor's degree,4-11 months
Some College,6-9 years
Some College,4-11 months
Bachelor's degree,3-5 years
Bachelor's degree,1-2 years
Some College,3-5 years
Bachelor's degree,1-2 years
Bachelor's degree,6-9 years
Bachelor's degree,3-5 years
Bachelor's degree,0-3 months
Some College,9 or more
Bachelor's degree,4-11 months
Bachelor's degree,0-3 months
Some College,0-3 months
Some College,1-2 years
Bachelor's degree,0-3 months
Bachelor's degree,3-5 years
Bachelor's degree,1-2 years
Some College,4-11 months
Some College,0-3 months
Bachelor's degree,4-11 months
Bachelor's degree,3-5 years
Some College,6-9 years
Bachelor's degree,0-3 months
Bachelor's degree,1-2 years
High School,9 or more
Bachelor's degree,4-11 months
Bachelor's degree,3-5 years
High School,4-11 months
Some College,4-11 months
Bachelor's degree,3-5 years
Some College,4-11 months
High School,9 or more
Bachelor's degree,0-3 months
Bachelor's degree,4-11 months
Bachelor's degree,3-5 years
Some College,1-2 years
Bachelor's degree,3-5 years
Some College,4-11 months
High School,1-2 years
Bachelor's degree,1-2 years
Bachelor's degree,1-2 years
Some College,4-11 months
Bachelor's degree,0-3 months
Bachelor's degree,1-2 years
Some College,3-5 years
Bachelor's degree,0-3 months
Bachelor's degree,0-3 months
Bachelor's degree,1-2 years
Bachelor's degree,0-3 months
Bachelor's degree,1-2 years
Bachelor's degree,1-2 years
High School,9 or more
Bachelor's degree,4-11 months
Bachelor's degree,1-2 years
Bachelor's degree,0-3 months
Some College,1-2 years
Bachelor's degree,1-2 years
Bachelor's degree,0-3 months
Bachelor's degree,0-3 months
Some College,1-2 years
Bachelor's degree,3-5 years
Bachelor's degree,1-2 years
Bachelor's degree,6-9 years
Bachelor's degree,1-2 years
Bachelor's degree,3-5 years
Bachelor's degree,0-3 months
Bachelor's degree,9 or more
Bachelor's degree,6-9 years
Some College,0-3 months
Bachelor's degree,0-3 months
Bachelor's degree,4-11 months
Bachelor's degree,4-11 months
Bachelor's degree,9 or more
Bachelor's degree,0-3 months
Some College,6-9 years
Bachelor's degree,3-5 years
Bachelor's degree,9 or more
Some College,0-3 months
High School,1-2 years
High School,0-3 months
Bachelor's degree,1-2 years
Bachelor's degree,1-2 years
Some College,6-9 years
Bachelor's degree,4-11 months
Bachelor's degree,1-2 years
Some College,0-3 months
Bachelor's degree,0-3 months
Bachelor's degree,4-11 months
Some College,0-3 months
Bachelor's degree,0-3 months
Some College,4-11 months
Bachelor's degree,1-2 years
High School,0-3 months
Bachelor's degree,0-3 months
Bachelor's degree,3-5 years
Less than high school,3-5 years
Bachelor's degree,3-5 years
Bachelor's degree,0-3 months
Bachelor's degree,9 or more
Bachelor's degree,0-3 months
Bachelor's degree,0-3 months
Bachelor's degree,9 or more
Some College,3-5 years
Bachelor's degree,6-9 years
Bachelor's degree,1-2 years
Bachelor's degree,0-3 months
Some College,4-11 months
Bachelor's degree,4-11 months
Some College,0-3 months
Less than high school,0-3 months
Some College,0-3 months
Bachelor's degree,4-11 months
Bachelor's degree,9 or more
Some College,0-3 months
Bachelor's degree,6-9 years
Bachelor's degree,0-3 months
Bachelor's degree,9 or more
Bachelor's degree,0-3 months
Bachelor's degree,1-2 years
Some College,0-3 months
Bachelor's degree,9 or more
Some College,4-11 months
Some College,0-3 months
Some College,0-3 months
Bachelor's degree,3-5 years
High School,1-2 years
Bachelor's degree,4-11 months
Bachelor's degree,3-5 years
Some College,9 or more
Bachelor's degree,0-3 months
Less than high school,3-5 years
Bachelor's degree,3-5 years
Bachelor's degree,0-3 months
Bachelor's degree,0-3 months
Bachelor's degree,4-11 months
Bachelor's degree,6-9 years
Some College,3-5 years
Some College,1-2 years
Some College,4-11 months
Bachelor's degree,1-2 years
Some College,0-3 months
Some College,4-11 months
Bachelor's degree,9 or more
Some College,4-11 months
Some College,1-2 years
Bachelor's degree,4-11 months
Some College,4-11 months
Some College,4-11 months
Bachelor's degree,0-3 months
Bachelor's degree,4-11 months
Some College,0-3 months
Bachelor's degree,1-2 years
High School,4-11 months
Bachelor's degree,1-2 years
Some College,4-11 months
Bachelor's degree,9 or more
Bachelor's degree,9 or more
Some College,4-11 months
Bachelor's degree,9 or more
Bachelor's degree,0-3 months
High School,0-3 months
Some College,1-2 years
Bachelor's degree,0-3 months
Bachelor's degree,0-3 months
Bachelor's degree,4-11 months
Some College,4-11 months
High School,9 or more
Bachelor's degree,4-11 months
Bachelor's degree,1-2 years
Bachelor's degree,9 or more
Bachelor's degree,9 or more
Some College,9 or more
Bachelor's degree,1-2 years
Bachelor's degree,4-11 months
Bachelor's degree,0-3 months
Some College,9 or more
Bachelor's degree,0-3 months
Some College,1-2 years
Bachelor's degree,1-2 years
Some College,0-3 months
Some College,0-3 months
Bachelor's degree,9 or more
Some College,3-5 years
Bachelor's degree,0-3 months
Bachelor's degree,4-11 months
Bachelor's degree,1-2 years
Bachelor's degree,9 or more
Some College,1-2 years
Bachelor's degree,3-5 years
Some College,9 or more
Bachelor's degree,0-3 months
Bachelor's degree,1-2 years
Some College,4-11 months
Bachelor's degree,6-9 years
High School,6-9 years
Some College,6-9 years
Bachelor's degree,0-3 months
Some College,0-3 months
High School,0-3 months
Bachelor's degree,1-2 years
Some College,0-3 months
Some College,0-3 months
Bachelor's degree,0-3 months
Bachelor's degree,9 or more
Bachelor's degree,1-2 years
Bachelor's degree,4-11 months
Some College,0-3 months
Bachelor's degree,0-3 months
Bachelor's degree,4-11 months
Bachelor's degree,1-2 years
Bachelor's degree,0-3 months
Bachelor's degree,1-2 years
High School,0-3 months
Some College,1-2 years
Bachelor's degree,0-3 months
Some College,1-2 years
Bachelor's degree,4-11 months
Bachelor's degree,0-3 months
Some College,0-3 months
Bachelor's degree,6-9 years
Some College,1-2 years
Bachelor's degree,0-3 months
Bachelor's degree,0-3 months
Bachelor's degree,0-3 months
High School,0-3 months
Bachelor's degree,4-11 months
Some College,1-2 years
Bachelor's degree,9 or more
High School,1-2 years
Bachelor's degree,4-11 months
Some College,0-3 months
Some College,0-3 months
Some College,1-2 years
Bachelor's degree,9 or more
Bachelor's degree,0-3 months
Some College,1-2 years
Some College,3-5 years
Bachelor's degree,9 or more
Some College,4-11 months
Some College,0-3 months
Bachelor's degree,3-5 years
Some College,9 or more
Some College,4-11 months
Bachelor's degree,0-3 months
Some College,6-9 years
Some College,1-2 years
High School,1-2 years
Some College,6-9 years
Bachelor's degree,9 or more
Some College,6-9 years
Some College,6-9 years
Bachelor's degree,0-3 months
High School,9 or more
Bachelor's degree,9 or more
Some College,1-2 years
Bachelor's degree,0-3 months
Some College,3-5 years
Bachelor's degree,0-3 months
Bachelor's degree,3-5 years
Bachelor's degree,4-11 months
Bachelor's degree,0-3 months
Bachelor's degree,4-11 months
Bachelor's degree,0-3 months
Bachelor's degree,0-3 months
Bachelor's degree,6-9 years
High School,9 or more
Bachelor's degree,6-9 years
High School,9 or more
Bachelor's degree,3-5 years
Bachelor's degree,3-5 years
Bachelor's degree,9 or more
Some College,0-3 months
Bachelor's degree,4-11 months
Bachelor's degree,4-11 months
Bachelor's degree,9 or more
Bachelor's degree,4-11 months
Some College,0-3 months
Bachelor's degree,0-3 months
Bachelor's degree,4-11 months
Bachelor's degree,9 or more
Some College,0-3 months
Bachelor's degree,6-9 years
Bachelor's degree,9 or more
Bachelor's degree,4-11 months
High School,0-3 months
Some College,1-2 years
Bachelor's degree,3-5 years
Bachelor's degree,4-11 months
Bachelor's degree,3-5 years
Bachelor's degree,3-5 years
Bachelor's degree,1-2 years
Some College,0-3 months
Bachelor's degree,3-5 years
Bachelor's degree,4-11 months
Bachelor's degree,4-11 months
Some College,4-11 months
Bachelor's degree,4-11 months
High School,9 or more
Bachelor's degree,0-3 months
Bachelor's degree,1-2 years
Some College,3-5 years
Bachelor's degree,1-2 years
Bachelor's degree,0-3 months
Bachelor's degree,4-11 months
Bachelor's degree,4-11 months
Bachelor's degree,0-3 months
Bachelor's degree,0-3 months
Bachelor's degree,1-2 years
Bachelor's degree,0-3 months
Bachelor's degree,6-9 years
Some College,4-11 months
High School,0-3 months
Bachelor's degree,4-11 months
High School,4-11 months
Bachelor's degree,3-5 years
Bachelor's degree,4-11 months
Bachelor's degree,0-3 months
Bachelor's degree,4-11 months
Some College,4-11 months
Bachelor's degree,9 or more
Bachelor's degree,3-5 years
Some College,0-3 months
Bachelor's degree,1-2 years
Bachelor's degree,0-3 months
Less than high school,0-3 months
Some College,9 or more
Bachelor's degree,1-2 years
Bachelor's degree,3-5 years
Some College,9 or more
High School,0-3 months
Some College,1-2 years
Some College,0-3 months
Bachelor's degree,0-3 months
Some College,9 or more
Some College,1-2 years
Some College,1-2 years
Bachelor's degree,1-2 years
Bachelor's degree,4-11 months
Bachelor's degree,9 or more
Bachelor's degree,4-11 months
Bachelor's degree,0-3 months
Bachelor's degree,9 or more
Bachelor's degree,3-5 years
Bachelor's degree,4-11 months
Some College,0-3 months
Bachelor's degree,0-3 months
Some College,0-3 months
Some College,9 or more
Bachelor's degree,4-11 months
Bachelor's degree,6-9 years
Bachelor's degree,0-3 months
Bachelor's degree,0-3 months
Bachelor's degree,4-11 months
Bachelor's degree,9 or more
Some College,0-3 months
Bachelor's degree,0-3 months
Some College,1-2 years
Bachelor's degree,9 or more
Bachelor's degree,0-3 months
High School,0-3 months
Bachelor's degree,9 or more
Bachelor's degree,0-3 months
Bachelor's degree,1-2 years
Bachelor's degree,3-5 years
High School,0-3 months
Bachelor's degree,9 or more
Bachelor's degree,9 or more
Bachelor's degree,3-5 years
High School,1-2 years
Bachelor's degree,0-3 months
Bachelor's degree,3-5 years
Some College,0-3 months
High School,0-3 months
Some College,4-11 months
Bachelor's degree,1-2 years
Bachelor's degree,0-3 months
Bachelor's degree,0-3 months
Bachelor's degree,0-3 months
High School,0-3 months
Bachelor's degree,0-3 months
Bachelor's degree,1-2 years
Bachelor's degree,1-2 years
Bachelor's degree,3-5 years
Bachelor's degree,3-5 years
Bachelor's degree,1-2 years
Bachelor's degree,9 or more
High School,3-5 years
Bachelor's degree,4-11 months
Some College,0-3 months
Bachelor's degree,0-3 months
Less than high school,0-3 months
High School,4-11 months
Bachelor's degree,0-3 months
Bachelor's degree,9 or more
Bachelor's degree,4-11 months
Bachelor's degree,4-11 months
Some College,0-3 months
Bachelor's degree,9 or more
Bachelor's degree,1-2 years
Bachelor's degree,4-11 months
Bachelor's degree,3-5 years
Some College,3-5 years
Bachelor's degree,1-2 years
Bachelor's degree,9 or more
Some College,1-2 years
Bachelor's degree,9 or more
Bachelor's degree,0-3 months
Bachelor's degree,4-11 months
Bachelor's degree,4-11 months
Some College,9 or more
Bachelor's degree,9 or more
Some College,3-5 years
Bachelor's degree,0-3 months
Bachelor's degree,1-2 years
Some College,1-2 years
Bachelor's degree,0-3 months
Bachelor's degree,0-3 months
Bachelor's degree,1-2 years
Bachelor's degree,9 or more
Bachelor's degree,6-9 years
Bachelor's degree,0-3 months
Bachelor's degree,4-11 months
Bachelor's degree,4-11 months
Some College,9 or more
Bachelor's degree,4-11 months
Bachelor's degree,0-3 months
Bachelor's degree,9 or more
Bachelor's degree,0-3 months
Some College,0-3 months
Bachelor's degree,4-11 months
Some College,4-11 months
Bachelor's degree,1-2 years
Bachelor's degree,0-3 months
Bachelor's degree,1-2 years
Bachelor's degree,0-3 months
Bachelor's degree,0-3 months
Bachelor's degree,4-11 months
High School,4-11 months
Bachelor's degree,1-2 years
Bachelor's degree,0-3 months
Some College,3-5 years
Bachelor's degree,9 or more
Bachelor's degree,1-2 years
Bachelor's degree,6-9 years
Some College,1-2 years
Some College,1-2 years
Some College,0-3 months
Bachelor's degree,0-3 months
High School,1-2 years
Bachelor's degree,0-3 months
Bachelor's degree,1-2 years
Bachelor's degree,4-11 months
High School,1-2 years
Bachelor's degree,0-3 months
High School,9 or more
Some College,3-5 years
Bachelor's degree,0-3 months
Some College,0-3 months
Bachelor's degree,3-5 years
Bachelor's degree,0-3 months
Some College,4-11 months
High School,4-11 months
Some College,4-11 months
Bachelor's degree,1-2 years
Some College,3-5 years
Bachelor's degree,0-3 months
Bachelor's degree,3-5 years
Bachelor's degree,0-3 months
Bachelor's degree,9 or more
Bachelor's degree,9 or more
Bachelor's degree,4-11 months
Some College,4-11 months
Bachelor's degree,0-3 months
Bachelor's degree,0-3 months
Bachelor's degree,0-3 months
Bachelor's degree,0-3 months
Bachelor's degree,0-3 months
Bachelor's degree,0-3 months
Bachelor's degree,9 or more
High School,9 or more
High School,0-3 months
Bachelor's degree,0-3 months
Bachelor's degree,9 or more
Some College,1-2 years
Bachelor's degree,1-2 years
Bachelor's degree,0-3 months
Bachelor's degree,4-11 months
High School,0-3 months
Bachelor's degree,9 or more
Bachelor's degree,0-3 months
Bachelor's degree,4-11 months
Some College,0-3 months
Bachelor's degree,9 or more
Bachelor's degree,4-11 months
Bachelor's degree,4-11 months
Some College,0-3 months
Bachelor's degree,0-3 months
Bachelor's degree,3-5 years
Bachelor's degree,0-3 months
Some College,0-3 months
Bachelor's degree,4-11 months
Some College,9 or more
Some College,6-9 years
Some College,9 or more
High School,0-3 months
Bachelor's degree,0-3 months
High School,1-2 years
Some College,1-2 years
Bachelor's degree,0-3 months
Bachelor's degree,4-11 months
Bachelor's degree,0-3 months
Some College,9 or more
Bachelor's degree,0-3 months
High School,0-3 months
Bachelor's degree,3-5 years
Some College,0-3 months
Bachelor's degree,0-3 months
Bachelor's degree,0-3 months
Bachelor's degree,4-11 months
Bachelor's degree,1-2 years
Bachelor's degree,3-5 years
Bachelor's degree,4-11 months
Some College,0-3 months
Bachelor's degree,3-5 years
Bachelor's degree,0-3 months
High School,0-3 months
High School,4-11 months
High School,9 or more
Bachelor's degree,1-2 years
Bachelor's degree,0-3 months
Bachelor's degree,4-11 months
Bachelor's degree,1-2 years
Bachelor's degree,9 or more
Bachelor's degree,3-5 years
Bachelor's degree,0-3 months
Bachelor's degree,0-3 months
High School,0-3 months
Some College,0-3 months
High School,9 or more
Some College,0-3 months
Bachelor's degree,0-3 months
Some College,0-3 months
Bachelor's degree,0-3 months
Bachelor's degree,0-3 months
Bachelor's degree,4-11 months
Bachelor's degree,1-2 years
Bachelor's degree,0-3 months
Bachelor's degree,0-3 months
Some College,3-5 years
Bachelor's degree,0-3 months
Some College,9 or more
Some College,9 or more
Bachelor's degree,0-3 months
Bachelor's degree,9 or more
Bachelor's degree,3-5 years
Bachelor's degree,0-3 months
Bachelor's degree,0-3 months
Bachelor's degree,1-2 years
High School,9 or more
High School,0-3 months
Some College,3-5 years
Bachelor's degree,0-3 months
High School,0-3 months
Some College,1-2 years
Bachelor's degree,9 or more
Bachelor's degree,1-2 years
Bachelor's degree,6-9 years
Some College,3-5 years
Bachelor's degree,0-3 months
Bachelor's degree,1-2 years
High School,0-3 months
Bachelor's degree,0-3 months
Bachelor's degree,0-3 months
Some College,0-3 months
Bachelor's degree,0-3 months
Bachelor's degree,1-2 years
Bachelor's degree,9 or more
Bachelor's degree,1-2 years
Bachelor's degree,9 or more
Some College,1-2 years
Bachelor's degree,4-11 months
Some College,0-3 months
Bachelor's degree,0-3 months
Some College,0-3 months
Bachelor's degree,9 or more
Bachelor's degree,6-9 years
Bachelor's degree,0-3 months
Bachelor's degree,0-3 months
Bachelor's degree,1-2 years
Less than high school,0-3 months
Bachelor's degree,4-11 months
Bachelor's degree,0-3 months
Bachelor's degree,9 or more
Some College,3-5 years
Bachelor's degree,4-11 months
Bachelor's degree,9 or more
Bachelor's degree,9 or more
Bachelor's degree,3-5 years
Bachelor's degree,9 or more
Bachelor's degree,0-3 months
Bachelor's degree,3-5 years
Bachelor's degree,4-11 months
High School,4-11 months
Bachelor's degree,0-3 months
Bachelor's degree,0-3 months
Some College,4-11 months
Some College,4-11 months
Some College,1-2 years
Bachelor's degree,4-11 months
Bachelor's degree,1-2 years
Bachelor's degree,9 or more
Bachelor's degree,0-3 months
Some College,0-3 months
Bachelor's degree,0-3 months
Some College,9 or more
Bachelor's degree,1-2 years
Some College,1-2 years
Bachelor's degree,3-5 years
Some College,1-2 years
Some College,9 or more
Bachelor's degree,6-9 years
Bachelor's degree,4-11 months
Bachelor's degree,0-3 months
Bachelor's degree,4-11 months
Some College,0-3 months
Bachelor's degree,4-11 months
Bachelor's degree,0-3 months
Bachelor's degree,0-3 months
Bachelor's degree,1-2 years
Bachelor's degree,9 or more
Some College,9 or more
Bachelor's degree,0-3 months
Some College,4-11 months
Bachelor's degree,4-11 months
Bachelor's degree,4-11 months
Bachelor's degree,1-2 years
Bachelor's degree,9 or more
Some College,1-2 years
Some College,1-2 years
Bachelor's degree,9 or more
Some College,1-2 years
Some College,9 or more
Bachelor's degree,4-11 months
Some College,6-9 years
Less than high school,0-3 months
Some College,3-5 years
Some College,9 or more
Bachelor's degree,4-11 months
Bachelor's degree,3-5 years
Bachelor's degree,1-2 years
Bachelor's degree,9 or more
Some College,6-9 years
Bachelor's degree,0-3 months
High School,1-2 years
Some College,0-3 months
Bachelor's degree,0-3 months
Bachelor's degree,9 or more
Bachelor's degree,9 or more
Some College,0-3 months
Bachelor's degree,0-3 months
Bachelor's degree,4-11 months
High School,0-3 months
High School,9 or more
Some College,6-9 years
Bachelor's degree,1-2 years
Bachelor's degree,9 or more
Bachelor's degree,0-3 months
Bachelor's degree,9 or more
Bachelor's degree,4-11 months
Some College,6-9 years
Bachelor's degree,0-3 months
Bachelor's degree,0-3 months
Some College,4-11 months
Some College,0-3 months
Some College,0-3 months
Some College,9 or more
Bachelor's degree,9 or more
High School,0-3 months
Some College,0-3 months
Some College,9 or more
High School,6-9 years
Some College,4-11 months
Some College,1-2 years
Bachelor's degree,9 or more
High School,4-11 months
Bachelor's degree,1-2 years
Bachelor's degree,9 or more
Bachelor's degree,1-2 years
Some College,0-3 months
Some College,6-9 years
Bachelor's degree,9 or more
Some College,0-3 months
Some College,9 or more
Bachelor's degree,4-11 months
High School,4-11 months
Bachelor's degree,0-3 months
Bachelor's degree,9 or more
High School,0-3 months
Some College,1-2 years
Bachelor's degree,0-3 months
Some College,6-9 years
Bachelor's degree,0-3 months
Bachelor's degree,0-3 months
Bachelor's degree,0-3 months
Some College,0-3 months
Bachelor's degree,1-2 years
Bachelor's degree,4-11 months
Bachelor's degree,1-2 years
Bachelor's degree,1-2 years
Some College,3-5 years
Some College,9 or more
Bachelor's degree,3-5 years
Bachelor's degree,9 or more
Bachelor's degree,9 or more
Bachelor's degree,0-3 months
Some College,4-11 months
Bachelor's degree,4-11 months
Bachelor's degree,9 or more
High School,1-2 years
Bachelor's degree,4-11 months
Bachelor's degree,0-3 months
Bachelor's degree,1-2 years
Bachelor's degree,4-11 months
Bachelor's degree,1-2 years
Some College,3-5 years
Some College,6-9 years
Bachelor's degree,1-2 years
Some College,0-3 months
Some College,0-3 months
Some College,3-5 years
Bachelor's degree,3-5 years
Some College,3-5 years
Bachelor's degree,0-3 months
Some College,9 or more
Bachelor's degree,9 or more
Some College,0-3 months
Some College,9 or more
Bachelor's degree,1-2 years
Bachelor's degree,3-5 years
Some College,9 or more
Bachelor's degree,3-5 years
Bachelor's degree,0-3 months
Bachelor's degree,1-2 years
Some College,3-5 years
Some College,4-11 months
Some College,4-11 months
Bachelor's degree,9 or more
Some College,4-11 months
Bachelor's degree,1-2 years
Bachelor's degree,4-11 months
Some College,4-11 months
Bachelor's degree,4-11 months
Some College,3-5 years
Some College,0-3 months
Bachelor's degree,9 or more
Bachelor's degree,1-2 years
Bachelor's degree,3-5 years
Bachelor's degree,3-5 years
High School,4-11 months
Some College,3-5 years
High School,3-5 years
Bachelor's degree,1-2 years
Bachelor's degree,6-9 years
Bachelor's degree,6-9 years
Bachelor's degree,1-2 years
Some College,0-3 months
High School,0-3 months
Bachelor's degree,3-5 years
Bachelor's degree,0-3 months
Some College,0-3 months
Bachelor's degree,9 or more
Bachelor's degree,3-5 years
Bachelor's degree,1-2 years
Bachelor's degree,0-3 months
Bachelor's degree,9 or more
Some College,0-3 months
Bachelor's degree,9 or more
Bachelor's degree,3-5 years
Bachelor's degree,3-5 years
Bachelor's degree,0-3 months
Bachelor's degree,1-2 years
Bachelor's degree,9 or more
Some College,0-3 months
Bachelor's degree,9 or more
High School,9 or more
Some College,4-11 months
Some College,1-2 years
Bachelor's degree,0-3 months
Bachelor's degree,9 or more
High School,0-3 months
Bachelor's degree,0-3 months
Less than high school,1-2 years
Some College,6-9 years
High School,0-3 months
High School,6-9 years
Bachelor's degree,3-5 years
Some College,6-9 years
Bachelor's degree,1-2 years
Bachelor's degree,0-3 months
Some College,4-11 months
Bachelor's degree,0-3 months
Some College,1-2 years
Bachelor's degree,0-3 months
Some College,1-2 years
Bachelor's degree,6-9 years
Bachelor's degree,4-11 months
Some College,1-2 years
High School,4-11 months
Bachelor's degree,4-11 months
Bachelor's degree,0-3 months
High School,1-2 years
Some College,3-5 years
Bachelor's degree,0-3 months
Some College,0-3 months
Bachelor's degree,9 or more
Some College,9 or more
Bachelor's degree,0-3 months
Bachelor's degree,9 or more
Bachelor's degree,4-11 months
Some College,1-2 years
Bachelor's degree,1-2 years
Bachelor's degree,1-2 years
Bachelor's degree,1-2 years
Bachelor's degree,0-3 months
Some College,0-3 months
Some College,0-3 months
Bachelor's degree,6-9 years
Bachelor's degree,1-2 years
Some College,4-11 months
Bachelor's degree,9 or more
Bachelor's degree,0-3 months
Bachelor's degree,1-2 years
Some College,3-5 years
Bachelor's degree,6-9 years
Bachelor's degree,0-3 months
Some College,0-3 months
Bachelor's degree,9 or more
Bachelor's degree,4-11 months
Bachelor's degree,3-5 years
Bachelor's degree,9 or more
High School,4-11 months
Bachelor's degree,0-3 months
Bachelor's degree,4-11 months
Some College,0-3 months
Bachelor's degree,0-3 months
Bachelor's degree,1-2 years
Some College,1-2 years
Bachelor's degree,4-11 months
Bachelor's degree,4-11 months
Bachelor's degree,4-11 months
Bachelor's degree,0-3 months
Bachelor's degree,1-2 years
Some College,1-2 years
Bachelor's degree,6-9 years
Bachelor's degree,9 or more
Bachelor's degree,4-11 months
High School,1-2 years
Some College,4-11 months
Bachelor's degree,0-3 months
Bachelor's degree,9 or more
Some College,0-3 months
Some College,9 or more
Bachelor's degree,0-3 months
Some College,6-9 years
Bachelor's degree,4-11 months
Bachelor's degree,4-11 months
Some College,0-3 months
Some College,4-11 months
Less than high school,0-3 months
Bachelor's degree,3-5 years
Some College,4-11 months
Bachelor's degree,9 or more
Some College,0-3 months
Some College,3-5 years
Some College,0-3 months
Bachelor's degree,9 or more
Bachelor's degree,0-3 months
Bachelor's degree,9 or more
Bachelor's degree,1-2 years
Bachelor's degree,4-11 months
Some College,0-3 months
Some College,4-11 months
Bachelor's degree,4-11 months
High School,9 or more
Bachelor's degree,6-9 years
Bachelor's degree,9 or more
High School,1-2 years
Some College,3-5 years
Some College,1-2 years
Bachelor's degree,3-5 years
High School,3-5 years
Some College,3-5 years
Bachelor's degree,3-5 years
Some College,0-3 months
Bachelor's degree,1-2 years
Bachelor's degree,3-5 years
Some College,4-11 months
High School,6-9 years
Some College,1-2 years
Bachelor's degree,1-2 years
Some College,4-11 months
Some College,6-9 years
Bachelor's degree,1-2 years
Bachelor's degree,6-9 years
Some College,0-3 months
Bachelor's degree,3-5 years
Bachelor's degree,6-9 years
High School,4-11 months
Bachelor's degree,3-5 years
Bachelor's degree,4-11 months
Some College,1-2 years
Some College,9 or more
Some College,4-11 months
Bachelor's degree,0-3 months
Some College,1-2 years
Bachelor's degree,4-11 months
